date	iso_3166-1	iso_3166-2	voivodeship	cases	deaths
2020-03-04	DS	02	dolnośląskie	0	0
2020-03-05	DS	02	dolnośląskie	0	0
2020-03-06	DS	02	dolnośląskie	1	0
2020-03-07	DS	02	dolnośląskie	0	0
2020-03-08	DS	02	dolnośląskie	1	0
2020-03-09	DS	02	dolnośląskie	1	0
2020-03-10	DS	02	dolnośląskie	1	0
2020-03-11	DS	02	dolnośląskie	0	0
2020-03-12	DS	02	dolnośląskie	3	0
2020-03-13	DS	02	dolnośląskie	1	1
2020-03-14	DS	02	dolnośląskie	5	0
2020-03-15	DS	02	dolnośląskie	2	0
2020-03-16	DS	02	dolnośląskie	12	0
2020-03-17	DS	02	dolnośląskie	11	1
2020-03-18	DS	02	dolnośląskie	2	0
2020-03-19	DS	02	dolnośląskie	13	0
2020-03-20	DS	02	dolnośląskie	5	0
2020-03-21	DS	02	dolnośląskie	8	0
2020-03-22	DS	02	dolnośląskie	13	0
2020-03-23	DS	02	dolnośląskie	22	0
2020-03-24	DS	02	dolnośląskie	33	0
2020-03-25	DS	02	dolnośląskie	16	2
2020-03-26	DS	02	dolnośląskie	15	0
2020-03-27	DS	02	dolnośląskie	28	0
2020-03-28	DS	02	dolnośląskie	21	0
2020-03-29	DS	02	dolnośląskie	20	0
2020-03-30	DS	02	dolnośląskie	24	0
2020-03-31	DS	02	dolnośląskie	16	0
2020-04-01	DS	02	dolnośląskie	52	0
2020-04-02	DS	02	dolnośląskie	12	2
2020-04-03	DS	02	dolnośląskie	62	0
2020-04-04	DS	02	dolnośląskie	7	0
2020-04-05	DS	02	dolnośląskie	61	4
2020-04-06	DS	02	dolnośląskie	20	3
2020-04-07	DS	02	dolnośląskie	39	1
2020-04-08	DS	02	dolnośląskie	12	1
2020-04-09	DS	02	dolnośląskie	29	3
2020-04-10	DS	02	dolnośląskie	69	2
2020-04-11	DS	02	dolnośląskie	23	2
2020-04-12	DS	02	dolnośląskie	37	1
2020-04-13	DS	02	dolnośląskie	12	1
2020-04-14	DS	02	dolnośląskie	14	1
2020-04-15	DS	02	dolnośląskie	41	0
2020-04-16	DS	02	dolnośląskie	55	3
2020-04-17	DS	02	dolnośląskie	74	2
2020-04-18	DS	02	dolnośląskie	56	0
2020-04-19	DS	02	dolnośląskie	95	0
2020-04-20	DS	02	dolnośląskie	33	3
2020-04-21	DS	02	dolnośląskie	41	0
2020-04-22	DS	02	dolnośląskie	26	3
2020-04-23	DS	02	dolnośląskie	68	0
2020-04-24	DS	02	dolnośląskie	23	1
2020-04-25	DS	02	dolnośląskie	43	3
2020-04-26	DS	02	dolnośląskie	63	1
2020-04-27	DS	02	dolnośląskie	71	0
2020-04-28	DS	02	dolnośląskie	49	3
2020-04-29	DS	02	dolnośląskie	59	3
2020-04-30	DS	02	dolnośląskie	43	1
2020-05-01	DS	02	dolnośląskie	17	0
2020-05-02	DS	02	dolnośląskie	40	1
2020-05-03	DS	02	dolnośląskie	25	3
2020-05-04	DS	02	dolnośląskie	78	1
2020-05-05	DS	02	dolnośląskie	46	4
2020-05-06	DS	02	dolnośląskie	20	0
2020-05-07	DS	02	dolnośląskie	36	2
2020-05-08	DS	02	dolnośląskie	45	7
2020-05-09	DS	02	dolnośląskie	33	1
2020-05-10	DS	02	dolnośląskie	99	0
2020-05-11	DS	02	dolnośląskie	22	5
2020-05-12	DS	02	dolnośląskie	32	6
2020-05-13	DS	02	dolnośląskie	44	1
2020-05-14	DS	02	dolnośląskie	25	3
2020-05-15	DS	02	dolnośląskie	16	7
2020-05-16	DS	02	dolnośląskie	19	0
2020-05-17	DS	02	dolnośląskie	6	0
2020-05-18	DS	02	dolnośląskie	60	2
2020-05-19	DS	02	dolnośląskie	31	2
2020-05-20	DS	02	dolnośląskie	19	1
2020-05-21	DS	02	dolnośląskie	19	0
2020-05-22	DS	02	dolnośląskie	71	2
2020-05-23	DS	02	dolnośląskie	33	0
2020-05-24	DS	02	dolnośląskie	19	0
2020-05-25	DS	02	dolnośląskie	37	2
2020-05-26	DS	02	dolnośląskie	16	3
2020-05-27	DS	02	dolnośląskie	41	0
2020-05-28	DS	02	dolnośląskie	18	1
2020-05-29	DS	02	dolnośląskie	26	0
2020-05-30	DS	02	dolnośląskie	25	2
2020-05-31	DS	02	dolnośląskie	13	0
2020-06-01	DS	02	dolnośląskie	36	1
2020-06-02	DS	02	dolnośląskie	9	0
2020-06-03	DS	02	dolnośląskie	10	7
2020-06-04	DS	02	dolnośląskie	11	0
2020-06-05	DS	02	dolnośląskie	20	5
2020-06-06	DS	02	dolnośląskie	20	0
2020-03-04	KP	04	kujawsko-pomorskie	0	0
2020-03-05	KP	04	kujawsko-pomorskie	0	0
2020-03-06	KP	04	kujawsko-pomorskie	0	0
2020-03-07	KP	04	kujawsko-pomorskie	0	0
2020-03-08	KP	04	kujawsko-pomorskie	0	0
2020-03-09	KP	04	kujawsko-pomorskie	0	0
2020-03-10	KP	04	kujawsko-pomorskie	0	0
2020-03-11	KP	04	kujawsko-pomorskie	0	0
2020-03-12	KP	04	kujawsko-pomorskie	0	0
2020-03-13	KP	04	kujawsko-pomorskie	0	0
2020-03-14	KP	04	kujawsko-pomorskie	0	0
2020-03-15	KP	04	kujawsko-pomorskie	0	0
2020-03-16	KP	04	kujawsko-pomorskie	0	0
2020-03-17	KP	04	kujawsko-pomorskie	8	0
2020-03-18	KP	04	kujawsko-pomorskie	0	0
2020-03-19	KP	04	kujawsko-pomorskie	3	0
2020-03-20	KP	04	kujawsko-pomorskie	3	0
2020-03-21	KP	04	kujawsko-pomorskie	4	0
2020-03-22	KP	04	kujawsko-pomorskie	0	0
2020-03-23	KP	04	kujawsko-pomorskie	3	0
2020-03-24	KP	04	kujawsko-pomorskie	1	0
2020-03-25	KP	04	kujawsko-pomorskie	5	0
2020-03-26	KP	04	kujawsko-pomorskie	4	0
2020-03-27	KP	04	kujawsko-pomorskie	2	0
2020-03-28	KP	04	kujawsko-pomorskie	4	0
2020-03-29	KP	04	kujawsko-pomorskie	10	0
2020-03-30	KP	04	kujawsko-pomorskie	25	0
2020-03-31	KP	04	kujawsko-pomorskie	4	0
2020-04-01	KP	04	kujawsko-pomorskie	8	0
2020-04-02	KP	04	kujawsko-pomorskie	73	0
2020-04-03	KP	04	kujawsko-pomorskie	42	1
2020-04-04	KP	04	kujawsko-pomorskie	25	0
2020-04-05	KP	04	kujawsko-pomorskie	17	0
2020-04-06	KP	04	kujawsko-pomorskie	4	0
2020-04-07	KP	04	kujawsko-pomorskie	19	0
2020-04-08	KP	04	kujawsko-pomorskie	13	4
2020-04-09	KP	04	kujawsko-pomorskie	3	1
2020-04-10	KP	04	kujawsko-pomorskie	10	1
2020-04-11	KP	04	kujawsko-pomorskie	23	0
2020-04-12	KP	04	kujawsko-pomorskie	23	0
2020-04-13	KP	04	kujawsko-pomorskie	9	0
2020-04-14	KP	04	kujawsko-pomorskie	7	2
2020-04-15	KP	04	kujawsko-pomorskie	7	3
2020-04-16	KP	04	kujawsko-pomorskie	8	1
2020-04-17	KP	04	kujawsko-pomorskie	20	0
2020-04-18	KP	04	kujawsko-pomorskie	11	3
2020-04-19	KP	04	kujawsko-pomorskie	8	0
2020-04-20	KP	04	kujawsko-pomorskie	15	1
2020-04-21	KP	04	kujawsko-pomorskie	17	0
2020-04-22	KP	04	kujawsko-pomorskie	14	3
2020-04-23	KP	04	kujawsko-pomorskie	8	0
2020-04-24	KP	04	kujawsko-pomorskie	11	4
2020-04-25	KP	04	kujawsko-pomorskie	3	2
2020-04-26	KP	04	kujawsko-pomorskie	4	0
2020-04-27	KP	04	kujawsko-pomorskie	5	0
2020-04-28	KP	04	kujawsko-pomorskie	35	1
2020-04-29	KP	04	kujawsko-pomorskie	19	1
2020-04-30	KP	04	kujawsko-pomorskie	7	0
2020-05-01	KP	04	kujawsko-pomorskie	6	0
2020-05-02	KP	04	kujawsko-pomorskie	4	0
2020-05-03	KP	04	kujawsko-pomorskie	3	1
2020-05-04	KP	04	kujawsko-pomorskie	0	0
2020-05-05	KP	04	kujawsko-pomorskie	4	1
2020-05-06	KP	04	kujawsko-pomorskie	0	0
2020-05-07	KP	04	kujawsko-pomorskie	5	1
2020-05-08	KP	04	kujawsko-pomorskie	5	1
2020-05-09	KP	04	kujawsko-pomorskie	1	0
2020-05-10	KP	04	kujawsko-pomorskie	2	0
2020-05-11	KP	04	kujawsko-pomorskie	3	0
2020-05-12	KP	04	kujawsko-pomorskie	0	2
2020-05-13	KP	04	kujawsko-pomorskie	0	5
2020-05-14	KP	04	kujawsko-pomorskie	1	1
2020-05-15	KP	04	kujawsko-pomorskie	3	2
2020-05-16	KP	04	kujawsko-pomorskie	1	0
2020-05-17	KP	04	kujawsko-pomorskie	0	1
2020-05-18	KP	04	kujawsko-pomorskie	0	1
2020-05-19	KP	04	kujawsko-pomorskie	1	0
2020-05-20	KP	04	kujawsko-pomorskie	1	0
2020-05-21	KP	04	kujawsko-pomorskie	3	0
2020-05-22	KP	04	kujawsko-pomorskie	3	1
2020-05-23	KP	04	kujawsko-pomorskie	2	0
2020-05-24	KP	04	kujawsko-pomorskie	1	0
2020-05-25	KP	04	kujawsko-pomorskie	1	1
2020-05-26	KP	04	kujawsko-pomorskie	0	0
2020-05-27	KP	04	kujawsko-pomorskie	0	0
2020-05-28	KP	04	kujawsko-pomorskie	0	0
2020-05-29	KP	04	kujawsko-pomorskie	0	0
2020-05-30	KP	04	kujawsko-pomorskie	0	0
2020-05-31	KP	04	kujawsko-pomorskie	0	0
2020-06-01	KP	04	kujawsko-pomorskie	0	1
2020-06-02	KP	04	kujawsko-pomorskie	1	0
2020-06-03	KP	04	kujawsko-pomorskie	1	0
2020-06-04	KP	04	kujawsko-pomorskie	4	0
2020-06-05	KP	04	kujawsko-pomorskie	2	0
2020-06-06	KP	04	kujawsko-pomorskie	0	0
2020-03-04	LB	08	lubuskie	1	0
2020-03-05	LB	08	lubuskie	0	0
2020-03-06	LB	08	lubuskie	0	0
2020-03-07	LB	08	lubuskie	0	0
2020-03-08	LB	08	lubuskie	0	0
2020-03-09	LB	08	lubuskie	0	0
2020-03-10	LB	08	lubuskie	0	0
2020-03-11	LB	08	lubuskie	0	0
2020-03-12	LB	08	lubuskie	0	0
2020-03-13	LB	08	lubuskie	0	0
2020-03-14	LB	08	lubuskie	0	0
2020-03-15	LB	08	lubuskie	1	0
2020-03-16	LB	08	lubuskie	0	0
2020-03-17	LB	08	lubuskie	0	0
2020-03-18	LB	08	lubuskie	1	0
2020-03-19	LB	08	lubuskie	6	0
2020-03-20	LB	08	lubuskie	0	0
2020-03-21	LB	08	lubuskie	0	0
2020-03-22	LB	08	lubuskie	2	0
2020-03-23	LB	08	lubuskie	5	0
2020-03-24	LB	08	lubuskie	5	0
2020-03-25	LB	08	lubuskie	2	0
2020-03-26	LB	08	lubuskie	7	0
2020-03-27	LB	08	lubuskie	1	0
2020-03-28	LB	08	lubuskie	2	0
2020-03-29	LB	08	lubuskie	0	0
2020-03-30	LB	08	lubuskie	3	0
2020-03-31	LB	08	lubuskie	6	0
2020-04-01	LB	08	lubuskie	5	0
2020-04-02	LB	08	lubuskie	1	0
2020-04-03	LB	08	lubuskie	2	0
2020-04-04	LB	08	lubuskie	6	0
2020-04-05	LB	08	lubuskie	3	0
2020-04-06	LB	08	lubuskie	3	0
2020-04-07	LB	08	lubuskie	0	0
2020-04-08	LB	08	lubuskie	4	0
2020-04-09	LB	08	lubuskie	3	0
2020-04-10	LB	08	lubuskie	5	0
2020-04-11	LB	08	lubuskie	2	0
2020-04-12	LB	08	lubuskie	2	0
2020-04-13	LB	08	lubuskie	0	0
2020-04-14	LB	08	lubuskie	1	0
2020-04-15	LB	08	lubuskie	0	0
2020-04-16	LB	08	lubuskie	2	0
2020-04-17	LB	08	lubuskie	0	0
2020-04-18	LB	08	lubuskie	0	0
2020-04-19	LB	08	lubuskie	0	0
2020-04-20	LB	08	lubuskie	1	0
2020-04-21	LB	08	lubuskie	2	0
2020-04-22	LB	08	lubuskie	1	0
2020-04-23	LB	08	lubuskie	0	0
2020-04-24	LB	08	lubuskie	0	0
2020-04-25	LB	08	lubuskie	0	0
2020-04-26	LB	08	lubuskie	2	0
2020-04-27	LB	08	lubuskie	0	0
2020-04-28	LB	08	lubuskie	0	0
2020-04-29	LB	08	lubuskie	0	0
2020-04-30	LB	08	lubuskie	0	0
2020-05-01	LB	08	lubuskie	0	0
2020-05-02	LB	08	lubuskie	0	0
2020-05-03	LB	08	lubuskie	1	0
2020-05-04	LB	08	lubuskie	2	0
2020-05-05	LB	08	lubuskie	0	0
2020-05-06	LB	08	lubuskie	0	0
2020-05-07	LB	08	lubuskie	2	0
2020-05-08	LB	08	lubuskie	0	0
2020-05-09	LB	08	lubuskie	0	0
2020-05-10	LB	08	lubuskie	0	0
2020-05-11	LB	08	lubuskie	0	0
2020-05-12	LB	08	lubuskie	0	0
2020-05-13	LB	08	lubuskie	0	0
2020-05-14	LB	08	lubuskie	0	0
2020-05-15	LB	08	lubuskie	0	0
2020-05-16	LB	08	lubuskie	0	0
2020-05-17	LB	08	lubuskie	0	0
2020-05-18	LB	08	lubuskie	0	0
2020-05-19	LB	08	lubuskie	0	0
2020-05-20	LB	08	lubuskie	0	0
2020-05-21	LB	08	lubuskie	3	0
2020-05-22	LB	08	lubuskie	2	0
2020-05-23	LB	08	lubuskie	2	0
2020-05-24	LB	08	lubuskie	4	0
2020-05-25	LB	08	lubuskie	5	0
2020-05-26	LB	08	lubuskie	3	0
2020-05-27	LB	08	lubuskie	0	0
2020-05-28	LB	08	lubuskie	2	0
2020-05-29	LB	08	lubuskie	1	0
2020-05-30	LB	08	lubuskie	2	0
2020-05-31	LB	08	lubuskie	0	0
2020-06-01	LB	08	lubuskie	2	0
2020-06-02	LB	08	lubuskie	2	0
2020-06-03	LB	08	lubuskie	2	0
2020-06-04	LB	08	lubuskie	0	0
2020-06-05	LB	08	lubuskie	2	0
2020-06-06	LB	08	lubuskie	0	0
2020-03-04	LD	10	łódzkie	0	0
2020-03-05	LD	10	łódzkie	0	0
2020-03-06	LD	10	łódzkie	0	0
2020-03-07	LD	10	łódzkie	0	0
2020-03-08	LD	10	łódzkie	0	0
2020-03-09	LD	10	łódzkie	0	0
2020-03-10	LD	10	łódzkie	0	0
2020-03-11	LD	10	łódzkie	1	0
2020-03-12	LD	10	łódzkie	1	0
2020-03-13	LD	10	łódzkie	3	0
2020-03-14	LD	10	łódzkie	10	0
2020-03-15	LD	10	łódzkie	4	0
2020-03-16	LD	10	łódzkie	12	0
2020-03-17	LD	10	łódzkie	11	0
2020-03-18	LD	10	łódzkie	0	0
2020-03-19	LD	10	łódzkie	6	0
2020-03-20	LD	10	łódzkie	9	0
2020-03-21	LD	10	łódzkie	34	0
2020-03-22	LD	10	łódzkie	15	0
2020-03-23	LD	10	łódzkie	5	0
2020-03-24	LD	10	łódzkie	18	0
2020-03-25	LD	10	łódzkie	15	0
2020-03-26	LD	10	łódzkie	14	0
2020-03-27	LD	10	łódzkie	10	0
2020-03-28	LD	10	łódzkie	14	0
2020-03-29	LD	10	łódzkie	8	0
2020-03-30	LD	10	łódzkie	12	0
2020-03-31	LD	10	łódzkie	6	0
2020-04-01	LD	10	łódzkie	13	1
2020-04-02	LD	10	łódzkie	15	0
2020-04-03	LD	10	łódzkie	12	2
2020-04-04	LD	10	łódzkie	11	0
2020-04-05	LD	10	łódzkie	67	0
2020-04-06	LD	10	łódzkie	14	0
2020-04-07	LD	10	łódzkie	18	2
2020-04-08	LD	10	łódzkie	42	0
2020-04-09	LD	10	łódzkie	32	2
2020-04-10	LD	10	łódzkie	31	0
2020-04-11	LD	10	łódzkie	29	0
2020-04-12	LD	10	łódzkie	37	0
2020-04-13	LD	10	łódzkie	22	0
2020-04-14	LD	10	łódzkie	16	1
2020-04-15	LD	10	łódzkie	5	1
2020-04-16	LD	10	łódzkie	18	0
2020-04-17	LD	10	łódzkie	17	0
2020-04-18	LD	10	łódzkie	33	2
2020-04-19	LD	10	łódzkie	20	0
2020-04-20	LD	10	łódzkie	22	0
2020-04-21	LD	10	łódzkie	13	0
2020-04-22	LD	10	łódzkie	70	2
2020-04-23	LD	10	łódzkie	16	7
2020-04-24	LD	10	łódzkie	32	1
2020-04-25	LD	10	łódzkie	23	1
2020-04-26	LD	10	łódzkie	19	0
2020-04-27	LD	10	łódzkie	35	0
2020-04-28	LD	10	łódzkie	14	2
2020-04-29	LD	10	łódzkie	32	4
2020-04-30	LD	10	łódzkie	18	4
2020-05-01	LD	10	łódzkie	18	3
2020-05-02	LD	10	łódzkie	34	0
2020-05-03	LD	10	łódzkie	43	0
2020-05-04	LD	10	łódzkie	19	0
2020-05-05	LD	10	łódzkie	3	1
2020-05-06	LD	10	łódzkie	27	1
2020-05-07	LD	10	łódzkie	38	3
2020-05-08	LD	10	łódzkie	14	1
2020-05-09	LD	10	łódzkie	16	0
2020-05-10	LD	10	łódzkie	12	0
2020-05-11	LD	10	łódzkie	10	0
2020-05-12	LD	10	łódzkie	13	4
2020-05-13	LD	10	łódzkie	11	1
2020-05-14	LD	10	łódzkie	7	0
2020-05-15	LD	10	łódzkie	8	1
2020-05-16	LD	10	łódzkie	7	1
2020-05-17	LD	10	łódzkie	6	1
2020-05-18	LD	10	łódzkie	11	0
2020-05-19	LD	10	łódzkie	6	1
2020-05-20	LD	10	łódzkie	16	2
2020-05-21	LD	10	łódzkie	6	0
2020-05-22	LD	10	łódzkie	33	0
2020-05-23	LD	10	łódzkie	12	7
2020-05-24	LD	10	łódzkie	23	0
2020-05-25	LD	10	łódzkie	15	0
2020-05-26	LD	10	łódzkie	22	3
2020-05-27	LD	10	łódzkie	28	2
2020-05-28	LD	10	łódzkie	46	0
2020-05-29	LD	10	łódzkie	30	1
2020-05-30	LD	10	łódzkie	35	2
2020-05-31	LD	10	łódzkie	30	0
2020-06-01	LD	10	łódzkie	52	0
2020-06-02	LD	10	łódzkie	8	5
2020-06-03	LD	10	łódzkie	54	2
2020-06-04	LD	10	łódzkie	112	1
2020-06-05	LD	10	łódzkie	47	2
2020-06-06	LD	10	łódzkie	62	3
2020-03-04	LU	06	lubelskie	0	0
2020-03-05	LU	06	lubelskie	0	0
2020-03-06	LU	06	lubelskie	0	0
2020-03-07	LU	06	lubelskie	0	0
2020-03-08	LU	06	lubelskie	0	0
2020-03-09	LU	06	lubelskie	0	0
2020-03-10	LU	06	lubelskie	1	0
2020-03-11	LU	06	lubelskie	1	0
2020-03-12	LU	06	lubelskie	4	0
2020-03-13	LU	06	lubelskie	1	0
2020-03-14	LU	06	lubelskie	8	1
2020-03-15	LU	06	lubelskie	2	0
2020-03-16	LU	06	lubelskie	1	0
2020-03-17	LU	06	lubelskie	4	0
2020-03-18	LU	06	lubelskie	0	0
2020-03-19	LU	06	lubelskie	3	0
2020-03-20	LU	06	lubelskie	3	0
2020-03-21	LU	06	lubelskie	3	0
2020-03-22	LU	06	lubelskie	8	0
2020-03-23	LU	06	lubelskie	9	0
2020-03-24	LU	06	lubelskie	6	1
2020-03-25	LU	06	lubelskie	6	0
2020-03-26	LU	06	lubelskie	14	0
2020-03-27	LU	06	lubelskie	4	0
2020-03-28	LU	06	lubelskie	9	1
2020-03-29	LU	06	lubelskie	18	0
2020-03-30	LU	06	lubelskie	9	1
2020-03-31	LU	06	lubelskie	18	0
2020-04-01	LU	06	lubelskie	1	1
2020-04-02	LU	06	lubelskie	18	0
2020-04-03	LU	06	lubelskie	7	1
2020-04-04	LU	06	lubelskie	7	0
2020-04-05	LU	06	lubelskie	9	0
2020-04-06	LU	06	lubelskie	7	1
2020-04-07	LU	06	lubelskie	11	0
2020-04-08	LU	06	lubelskie	8	1
2020-04-09	LU	06	lubelskie	5	0
2020-04-10	LU	06	lubelskie	17	1
2020-04-11	LU	06	lubelskie	3	1
2020-04-12	LU	06	lubelskie	9	0
2020-04-13	LU	06	lubelskie	6	0
2020-04-14	LU	06	lubelskie	5	0
2020-04-15	LU	06	lubelskie	25	0
2020-04-16	LU	06	lubelskie	9	0
2020-04-17	LU	06	lubelskie	11	0
2020-04-18	LU	06	lubelskie	3	0
2020-04-19	LU	06	lubelskie	15	0
2020-04-20	LU	06	lubelskie	3	0
2020-04-21	LU	06	lubelskie	14	0
2020-04-22	LU	06	lubelskie	7	0
2020-04-23	LU	06	lubelskie	4	0
2020-04-24	LU	06	lubelskie	6	0
2020-04-25	LU	06	lubelskie	4	0
2020-04-26	LU	06	lubelskie	5	2
2020-04-27	LU	06	lubelskie	2	1
2020-04-28	LU	06	lubelskie	3	0
2020-04-29	LU	06	lubelskie	3	0
2020-04-30	LU	06	lubelskie	1	0
2020-05-01	LU	06	lubelskie	5	0
2020-05-02	LU	06	lubelskie	2	0
2020-05-03	LU	06	lubelskie	7	1
2020-05-04	LU	06	lubelskie	0	0
2020-05-05	LU	06	lubelskie	2	0
2020-05-06	LU	06	lubelskie	4	0
2020-05-07	LU	06	lubelskie	1	0
2020-05-08	LU	06	lubelskie	3	0
2020-05-09	LU	06	lubelskie	2	0
2020-05-10	LU	06	lubelskie	2	0
2020-05-11	LU	06	lubelskie	4	0
2020-05-12	LU	06	lubelskie	4	0
2020-05-13	LU	06	lubelskie	2	0
2020-05-14	LU	06	lubelskie	2	0
2020-05-15	LU	06	lubelskie	1	0
2020-05-16	LU	06	lubelskie	0	0
2020-05-17	LU	06	lubelskie	1	0
2020-05-18	LU	06	lubelskie	7	0
2020-05-19	LU	06	lubelskie	0	0
2020-05-20	LU	06	lubelskie	2	0
2020-05-21	LU	06	lubelskie	6	1
2020-05-22	LU	06	lubelskie	3	0
2020-05-23	LU	06	lubelskie	1	0
2020-05-24	LU	06	lubelskie	13	0
2020-05-25	LU	06	lubelskie	12	0
2020-05-26	LU	06	lubelskie	3	0
2020-05-27	LU	06	lubelskie	20	0
2020-05-28	LU	06	lubelskie	16	0
2020-05-29	LU	06	lubelskie	1	0
2020-05-30	LU	06	lubelskie	0	0
2020-05-31	LU	06	lubelskie	7	0
2020-06-01	LU	06	lubelskie	2	0
2020-06-02	LU	06	lubelskie	0	0
2020-06-03	LU	06	lubelskie	8	0
2020-06-04	LU	06	lubelskie	1	0
2020-06-05	LU	06	lubelskie	1	0
2020-06-06	LU	06	lubelskie	3	1
2020-03-04	MA	12	małopolskie	0	0
2020-03-05	MA	12	małopolskie	0	0
2020-03-06	MA	12	małopolskie	0	0
2020-03-07	MA	12	małopolskie	0	0
2020-03-08	MA	12	małopolskie	0	0
2020-03-09	MA	12	małopolskie	1	0
2020-03-10	MA	12	małopolskie	0	0
2020-03-11	MA	12	małopolskie	0	0
2020-03-12	MA	12	małopolskie	0	0
2020-03-13	MA	12	małopolskie	0	0
2020-03-14	MA	12	małopolskie	0	0
2020-03-15	MA	12	małopolskie	0	0
2020-03-16	MA	12	małopolskie	1	0
2020-03-17	MA	12	małopolskie	3	0
2020-03-18	MA	12	małopolskie	1	0
2020-03-19	MA	12	małopolskie	1	0
2020-03-20	MA	12	małopolskie	7	0
2020-03-21	MA	12	małopolskie	2	0
2020-03-22	MA	12	małopolskie	8	0
2020-03-23	MA	12	małopolskie	9	0
2020-03-24	MA	12	małopolskie	16	0
2020-03-25	MA	12	małopolskie	7	0
2020-03-26	MA	12	małopolskie	13	0
2020-03-27	MA	12	małopolskie	24	0
2020-03-28	MA	12	małopolskie	19	0
2020-03-29	MA	12	małopolskie	38	1
2020-03-30	MA	12	małopolskie	24	0
2020-03-31	MA	12	małopolskie	18	0
2020-04-01	MA	12	małopolskie	17	0
2020-04-02	MA	12	małopolskie	21	3
2020-04-03	MA	12	małopolskie	32	1
2020-04-04	MA	12	małopolskie	46	0
2020-04-05	MA	12	małopolskie	19	2
2020-04-06	MA	12	małopolskie	22	0
2020-04-07	MA	12	małopolskie	22	1
2020-04-08	MA	12	małopolskie	28	0
2020-04-09	MA	12	małopolskie	34	0
2020-04-10	MA	12	małopolskie	20	1
2020-04-11	MA	12	małopolskie	33	1
2020-04-12	MA	12	małopolskie	19	1
2020-04-13	MA	12	małopolskie	13	1
2020-04-14	MA	12	małopolskie	19	1
2020-04-15	MA	12	małopolskie	24	2
2020-04-16	MA	12	małopolskie	14	0
2020-04-17	MA	12	małopolskie	21	1
2020-04-18	MA	12	małopolskie	34	0
2020-04-19	MA	12	małopolskie	16	1
2020-04-20	MA	12	małopolskie	33	2
2020-04-21	MA	12	małopolskie	28	1
2020-04-22	MA	12	małopolskie	27	1
2020-04-23	MA	12	małopolskie	32	2
2020-04-24	MA	12	małopolskie	22	2
2020-04-25	MA	12	małopolskie	24	2
2020-04-26	MA	12	małopolskie	9	0
2020-04-27	MA	12	małopolskie	20	2
2020-04-28	MA	12	małopolskie	11	1
2020-04-29	MA	12	małopolskie	24	1
2020-04-30	MA	12	małopolskie	21	0
2020-05-01	MA	12	małopolskie	16	0
2020-05-02	MA	12	małopolskie	21	1
2020-05-03	MA	12	małopolskie	10	0
2020-05-04	MA	12	małopolskie	32	0
2020-05-05	MA	12	małopolskie	21	1
2020-05-06	MA	12	małopolskie	12	0
2020-05-07	MA	12	małopolskie	10	1
2020-05-08	MA	12	małopolskie	14	0
2020-05-09	MA	12	małopolskie	10	1
2020-05-10	MA	12	małopolskie	4	1
2020-05-11	MA	12	małopolskie	24	0
2020-05-12	MA	12	małopolskie	3	0
2020-05-13	MA	12	małopolskie	10	0
2020-05-14	MA	12	małopolskie	24	0
2020-05-15	MA	12	małopolskie	9	0
2020-05-16	MA	12	małopolskie	7	2
2020-05-17	MA	12	małopolskie	4	2
2020-05-18	MA	12	małopolskie	5	0
2020-05-19	MA	12	małopolskie	15	0
2020-05-20	MA	12	małopolskie	2	1
2020-05-21	MA	12	małopolskie	15	0
2020-05-22	MA	12	małopolskie	2	0
2020-05-23	MA	12	małopolskie	4	0
2020-05-24	MA	12	małopolskie	5	0
2020-05-25	MA	12	małopolskie	0	0
2020-05-26	MA	12	małopolskie	3	0
2020-05-27	MA	12	małopolskie	2	0
2020-05-28	MA	12	małopolskie	9	0
2020-05-29	MA	12	małopolskie	9	0
2020-05-30	MA	12	małopolskie	16	0
2020-05-31	MA	12	małopolskie	10	0
2020-06-01	MA	12	małopolskie	6	0
2020-06-02	MA	12	małopolskie	10	0
2020-06-03	MA	12	małopolskie	16	0
2020-06-04	MA	12	małopolskie	21	0
2020-06-05	MA	12	małopolskie	27	0
2020-06-06	MA	12	małopolskie	22	0
2020-03-04	MZ	14	mazowieckie	0	0
2020-03-05	MZ	14	mazowieckie	0	0
2020-03-06	MZ	14	mazowieckie	0	0
2020-03-07	MZ	14	mazowieckie	0	0
2020-03-08	MZ	14	mazowieckie	2	0
2020-03-09	MZ	14	mazowieckie	0	0
2020-03-10	MZ	14	mazowieckie	1	0
2020-03-11	MZ	14	mazowieckie	1	0
2020-03-12	MZ	14	mazowieckie	2	0
2020-03-13	MZ	14	mazowieckie	5	0
2020-03-14	MZ	14	mazowieckie	5	0
2020-03-15	MZ	14	mazowieckie	6	0
2020-03-16	MZ	14	mazowieckie	13	0
2020-03-17	MZ	14	mazowieckie	3	0
2020-03-18	MZ	14	mazowieckie	28	0
2020-03-19	MZ	14	mazowieckie	16	0
2020-03-20	MZ	14	mazowieckie	25	0
2020-03-21	MZ	14	mazowieckie	20	0
2020-03-22	MZ	14	mazowieckie	20	1
2020-03-23	MZ	14	mazowieckie	28	0
2020-03-24	MZ	14	mazowieckie	37	0
2020-03-25	MZ	14	mazowieckie	39	0
2020-03-26	MZ	14	mazowieckie	40	2
2020-03-27	MZ	14	mazowieckie	27	0
2020-03-28	MZ	14	mazowieckie	103	1
2020-03-29	MZ	14	mazowieckie	40	0
2020-03-30	MZ	14	mazowieckie	26	3
2020-03-31	MZ	14	mazowieckie	57	1
2020-04-01	MZ	14	mazowieckie	68	3
2020-04-02	MZ	14	mazowieckie	142	3
2020-04-03	MZ	14	mazowieckie	54	0
2020-04-04	MZ	14	mazowieckie	0	0
2020-04-05	MZ	14	mazowieckie	159	6
2020-04-06	MZ	14	mazowieckie	98	3
2020-04-07	MZ	14	mazowieckie	182	2
2020-04-08	MZ	14	mazowieckie	67	12
2020-04-09	MZ	14	mazowieckie	110	5
2020-04-10	MZ	14	mazowieckie	77	0
2020-04-11	MZ	14	mazowieckie	128	12
2020-04-12	MZ	14	mazowieckie	35	16
2020-04-13	MZ	14	mazowieckie	24	1
2020-04-14	MZ	14	mazowieckie	27	5
2020-04-15	MZ	14	mazowieckie	77	8
2020-04-16	MZ	14	mazowieckie	54	12
2020-04-17	MZ	14	mazowieckie	37	4
2020-04-18	MZ	14	mazowieckie	53	7
2020-04-19	MZ	14	mazowieckie	56	1
2020-04-20	MZ	14	mazowieckie	38	8
2020-04-21	MZ	14	mazowieckie	29	9
2020-04-22	MZ	14	mazowieckie	39	6
2020-04-23	MZ	14	mazowieckie	68	10
2020-04-24	MZ	14	mazowieckie	40	18
2020-04-25	MZ	14	mazowieckie	96	11
2020-04-26	MZ	14	mazowieckie	46	3
2020-04-27	MZ	14	mazowieckie	28	8
2020-04-28	MZ	14	mazowieckie	15	13
2020-04-29	MZ	14	mazowieckie	36	3
2020-04-30	MZ	14	mazowieckie	25	7
2020-05-01	MZ	14	mazowieckie	0	0
2020-05-02	MZ	14	mazowieckie	25	1
2020-05-03	MZ	14	mazowieckie	31	0
2020-05-04	MZ	14	mazowieckie	45	5
2020-05-05	MZ	14	mazowieckie	78	2
2020-05-06	MZ	14	mazowieckie	42	2
2020-05-07	MZ	14	mazowieckie	36	2
2020-05-08	MZ	14	mazowieckie	22	2
2020-05-09	MZ	14	mazowieckie	34	3
2020-05-10	MZ	14	mazowieckie	26	0
2020-05-11	MZ	14	mazowieckie	17	0
2020-05-12	MZ	14	mazowieckie	21	3
2020-05-13	MZ	14	mazowieckie	51	3
2020-05-14	MZ	14	mazowieckie	22	2
2020-05-15	MZ	14	mazowieckie	28	0
2020-05-16	MZ	14	mazowieckie	19	1
2020-05-17	MZ	14	mazowieckie	21	1
2020-05-18	MZ	14	mazowieckie	33	2
2020-05-19	MZ	14	mazowieckie	37	3
2020-05-20	MZ	14	mazowieckie	42	5
2020-05-21	MZ	14	mazowieckie	46	3
2020-05-22	MZ	14	mazowieckie	29	2
2020-05-23	MZ	14	mazowieckie	40	0
2020-05-24	MZ	14	mazowieckie	20	0
2020-05-25	MZ	14	mazowieckie	66	6
2020-05-26	MZ	14	mazowieckie	76	3
2020-05-27	MZ	14	mazowieckie	37	0
2020-05-28	MZ	14	mazowieckie	65	1
2020-05-29	MZ	14	mazowieckie	33	5
2020-05-30	MZ	14	mazowieckie	52	2
2020-05-31	MZ	14	mazowieckie	35	0
2020-06-01	MZ	14	mazowieckie	47	5
2020-06-02	MZ	14	mazowieckie	32	6
2020-06-03	MZ	14	mazowieckie	28	4
2020-06-04	MZ	14	mazowieckie	50	0
2020-06-05	MZ	14	mazowieckie	58	2
2020-06-06	MZ	14	mazowieckie	47	4
2020-03-04	OP	16	opolskie	0	0
2020-03-05	OP	16	opolskie	0	0
2020-03-06	OP	16	opolskie	0	0
2020-03-07	OP	16	opolskie	0	0
2020-03-08	OP	16	opolskie	0	0
2020-03-09	OP	16	opolskie	0	0
2020-03-10	OP	16	opolskie	0	0
2020-03-11	OP	16	opolskie	1	0
2020-03-12	OP	16	opolskie	1	0
2020-03-13	OP	16	opolskie	0	0
2020-03-14	OP	16	opolskie	2	0
2020-03-15	OP	16	opolskie	0	0
2020-03-16	OP	16	opolskie	2	0
2020-03-17	OP	16	opolskie	2	0
2020-03-18	OP	16	opolskie	1	0
2020-03-19	OP	16	opolskie	1	0
2020-03-20	OP	16	opolskie	0	0
2020-03-21	OP	16	opolskie	0	0
2020-03-22	OP	16	opolskie	4	0
2020-03-23	OP	16	opolskie	5	0
2020-03-24	OP	16	opolskie	2	0
2020-03-25	OP	16	opolskie	2	0
2020-03-26	OP	16	opolskie	3	0
2020-03-27	OP	16	opolskie	2	0
2020-03-28	OP	16	opolskie	3	0
2020-03-29	OP	16	opolskie	12	0
2020-03-30	OP	16	opolskie	11	0
2020-03-31	OP	16	opolskie	16	0
2020-04-01	OP	16	opolskie	5	0
2020-04-02	OP	16	opolskie	3	1
2020-04-03	OP	16	opolskie	12	0
2020-04-04	OP	16	opolskie	0	0
2020-04-05	OP	16	opolskie	4	0
2020-04-06	OP	16	opolskie	7	1
2020-04-07	OP	16	opolskie	6	1
2020-04-08	OP	16	opolskie	9	2
2020-04-09	OP	16	opolskie	9	1
2020-04-10	OP	16	opolskie	5	0
2020-04-11	OP	16	opolskie	13	0
2020-04-12	OP	16	opolskie	8	1
2020-04-13	OP	16	opolskie	20	0
2020-04-14	OP	16	opolskie	35	0
2020-04-15	OP	16	opolskie	13	2
2020-04-16	OP	16	opolskie	11	1
2020-04-17	OP	16	opolskie	24	3
2020-04-18	OP	16	opolskie	17	0
2020-04-19	OP	16	opolskie	5	1
2020-04-20	OP	16	opolskie	16	0
2020-04-21	OP	16	opolskie	6	1
2020-04-22	OP	16	opolskie	26	0
2020-04-23	OP	16	opolskie	6	2
2020-04-24	OP	16	opolskie	15	4
2020-04-25	OP	16	opolskie	7	2
2020-04-26	OP	16	opolskie	11	1
2020-04-27	OP	16	opolskie	10	2
2020-04-28	OP	16	opolskie	5	1
2020-04-29	OP	16	opolskie	12	1
2020-04-30	OP	16	opolskie	4	0
2020-05-01	OP	16	opolskie	4	0
2020-05-02	OP	16	opolskie	9	0
2020-05-03	OP	16	opolskie	15	1
2020-05-04	OP	16	opolskie	13	1
2020-05-05	OP	16	opolskie	5	0
2020-05-06	OP	16	opolskie	10	1
2020-05-07	OP	16	opolskie	9	1
2020-05-08	OP	16	opolskie	16	1
2020-05-09	OP	16	opolskie	3	0
2020-05-10	OP	16	opolskie	12	1
2020-05-11	OP	16	opolskie	5	1
2020-05-12	OP	16	opolskie	3	0
2020-05-13	OP	16	opolskie	4	1
2020-05-14	OP	16	opolskie	8	2
2020-05-15	OP	16	opolskie	17	1
2020-05-16	OP	16	opolskie	8	0
2020-05-17	OP	16	opolskie	9	0
2020-05-18	OP	16	opolskie	7	0
2020-05-19	OP	16	opolskie	4	2
2020-05-20	OP	16	opolskie	13	2
2020-05-21	OP	16	opolskie	8	0
2020-05-22	OP	16	opolskie	10	1
2020-05-23	OP	16	opolskie	4	0
2020-05-24	OP	16	opolskie	3	1
2020-05-25	OP	16	opolskie	5	0
2020-05-26	OP	16	opolskie	3	2
2020-05-27	OP	16	opolskie	9	0
2020-05-28	OP	16	opolskie	12	0
2020-05-29	OP	16	opolskie	9	0
2020-05-30	OP	16	opolskie	11	0
2020-05-31	OP	16	opolskie	1	0
2020-06-01	OP	16	opolskie	9	0
2020-06-02	OP	16	opolskie	14	1
2020-06-03	OP	16	opolskie	19	1
2020-06-04	OP	16	opolskie	8	0
2020-06-05	OP	16	opolskie	8	0
2020-06-06	OP	16	opolskie	19	0
2020-03-04	PD	20	podlaskie	0	0
2020-03-05	PD	20	podlaskie	0	0
2020-03-06	PD	20	podlaskie	0	0
2020-03-07	PD	20	podlaskie	0	0
2020-03-08	PD	20	podlaskie	0	0
2020-03-09	PD	20	podlaskie	0	0
2020-03-10	PD	20	podlaskie	0	0
2020-03-11	PD	20	podlaskie	0	0
2020-03-12	PD	20	podlaskie	0	0
2020-03-13	PD	20	podlaskie	0	0
2020-03-14	PD	20	podlaskie	0	0
2020-03-15	PD	20	podlaskie	0	0
2020-03-16	PD	20	podlaskie	0	0
2020-03-17	PD	20	podlaskie	1	0
2020-03-18	PD	20	podlaskie	1	0
2020-03-19	PD	20	podlaskie	-1	0
2020-03-20	PD	20	podlaskie	2	0
2020-03-21	PD	20	podlaskie	2	0
2020-03-22	PD	20	podlaskie	1	0
2020-03-23	PD	20	podlaskie	1	0
2020-03-24	PD	20	podlaskie	0	0
2020-03-25	PD	20	podlaskie	3	0
2020-03-26	PD	20	podlaskie	3	0
2020-03-27	PD	20	podlaskie	4	0
2020-03-28	PD	20	podlaskie	9	0
2020-03-29	PD	20	podlaskie	2	0
2020-03-30	PD	20	podlaskie	8	0
2020-03-31	PD	20	podlaskie	0	0
2020-04-01	PD	20	podlaskie	11	0
2020-04-02	PD	20	podlaskie	12	0
2020-04-03	PD	20	podlaskie	15	0
2020-04-04	PD	20	podlaskie	8	0
2020-04-05	PD	20	podlaskie	9	1
2020-04-06	PD	20	podlaskie	18	0
2020-04-07	PD	20	podlaskie	18	0
2020-04-08	PD	20	podlaskie	22	0
2020-04-09	PD	20	podlaskie	19	0
2020-04-10	PD	20	podlaskie	21	0
2020-04-11	PD	20	podlaskie	6	0
2020-04-12	PD	20	podlaskie	27	0
2020-04-13	PD	20	podlaskie	16	0
2020-04-14	PD	20	podlaskie	18	0
2020-04-15	PD	20	podlaskie	3	0
2020-04-16	PD	20	podlaskie	19	1
2020-04-17	PD	20	podlaskie	13	0
2020-04-18	PD	20	podlaskie	25	0
2020-04-19	PD	20	podlaskie	5	0
2020-04-20	PD	20	podlaskie	6	0
2020-04-21	PD	20	podlaskie	5	0
2020-04-22	PD	20	podlaskie	3	0
2020-04-23	PD	20	podlaskie	6	0
2020-04-24	PD	20	podlaskie	3	1
2020-04-25	PD	20	podlaskie	14	0
2020-04-26	PD	20	podlaskie	3	0
2020-04-27	PD	20	podlaskie	4	0
2020-04-28	PD	20	podlaskie	2	0
2020-04-29	PD	20	podlaskie	0	0
2020-04-30	PD	20	podlaskie	8	0
2020-05-01	PD	20	podlaskie	0	1
2020-05-02	PD	20	podlaskie	2	1
2020-05-03	PD	20	podlaskie	1	0
2020-05-04	PD	20	podlaskie	0	0
2020-05-05	PD	20	podlaskie	1	1
2020-05-06	PD	20	podlaskie	1	0
2020-05-07	PD	20	podlaskie	1	1
2020-05-08	PD	20	podlaskie	2	0
2020-05-09	PD	20	podlaskie	0	0
2020-05-10	PD	20	podlaskie	1	0
2020-05-11	PD	20	podlaskie	0	0
2020-05-12	PD	20	podlaskie	1	0
2020-05-13	PD	20	podlaskie	0	0
2020-05-14	PD	20	podlaskie	1	1
2020-05-15	PD	20	podlaskie	1	0
2020-05-16	PD	20	podlaskie	0	0
2020-05-17	PD	20	podlaskie	1	1
2020-05-18	PD	20	podlaskie	1	0
2020-05-19	PD	20	podlaskie	9	0
2020-05-20	PD	20	podlaskie	7	0
2020-05-21	PD	20	podlaskie	0	0
2020-05-22	PD	20	podlaskie	6	0
2020-05-23	PD	20	podlaskie	3	0
2020-05-24	PD	20	podlaskie	4	0
2020-05-25	PD	20	podlaskie	5	0
2020-05-26	PD	20	podlaskie	7	0
2020-05-27	PD	20	podlaskie	9	0
2020-05-28	PD	20	podlaskie	3	0
2020-05-29	PD	20	podlaskie	3	0
2020-05-30	PD	20	podlaskie	4	0
2020-05-31	PD	20	podlaskie	1	0
2020-06-01	PD	20	podlaskie	8	0
2020-06-02	PD	20	podlaskie	5	0
2020-06-03	PD	20	podlaskie	10	0
2020-06-04	PD	20	podlaskie	12	0
2020-06-05	PD	20	podlaskie	8	0
2020-06-06	PD	20	podlaskie	4	0
2020-03-04	PK	18	podkarpackie	0	0
2020-03-05	PK	18	podkarpackie	0	0
2020-03-06	PK	18	podkarpackie	0	0
2020-03-07	PK	18	podkarpackie	0	0
2020-03-08	PK	18	podkarpackie	0	0
2020-03-09	PK	18	podkarpackie	0	0
2020-03-10	PK	18	podkarpackie	0	0
2020-03-11	PK	18	podkarpackie	1	0
2020-03-12	PK	18	podkarpackie	2	0
2020-03-13	PK	18	podkarpackie	3	0
2020-03-14	PK	18	podkarpackie	1	0
2020-03-15	PK	18	podkarpackie	1	0
2020-03-16	PK	18	podkarpackie	3	1
2020-03-17	PK	18	podkarpackie	0	0
2020-03-18	PK	18	podkarpackie	3	0
2020-03-19	PK	18	podkarpackie	3	0
2020-03-20	PK	18	podkarpackie	2	0
2020-03-21	PK	18	podkarpackie	6	0
2020-03-22	PK	18	podkarpackie	4	0
2020-03-23	PK	18	podkarpackie	1	0
2020-03-24	PK	18	podkarpackie	7	0
2020-03-25	PK	18	podkarpackie	6	0
2020-03-26	PK	18	podkarpackie	10	0
2020-03-27	PK	18	podkarpackie	8	0
2020-03-28	PK	18	podkarpackie	10	0
2020-03-29	PK	18	podkarpackie	5	0
2020-03-30	PK	18	podkarpackie	4	2
2020-03-31	PK	18	podkarpackie	15	0
2020-04-01	PK	18	podkarpackie	9	0
2020-04-02	PK	18	podkarpackie	7	1
2020-04-03	PK	18	podkarpackie	14	0
2020-04-04	PK	18	podkarpackie	11	0
2020-04-05	PK	18	podkarpackie	13	1
2020-04-06	PK	18	podkarpackie	7	1
2020-04-07	PK	18	podkarpackie	12	1
2020-04-08	PK	18	podkarpackie	12	2
2020-04-09	PK	18	podkarpackie	14	1
2020-04-10	PK	18	podkarpackie	15	0
2020-04-11	PK	18	podkarpackie	11	1
2020-04-12	PK	18	podkarpackie	1	0
2020-04-13	PK	18	podkarpackie	4	2
2020-04-14	PK	18	podkarpackie	9	0
2020-04-15	PK	18	podkarpackie	9	1
2020-04-16	PK	18	podkarpackie	3	1
2020-04-17	PK	18	podkarpackie	5	0
2020-04-18	PK	18	podkarpackie	8	0
2020-04-19	PK	18	podkarpackie	4	1
2020-04-20	PK	18	podkarpackie	3	0
2020-04-21	PK	18	podkarpackie	4	0
2020-04-22	PK	18	podkarpackie	6	0
2020-04-23	PK	18	podkarpackie	3	0
2020-04-24	PK	18	podkarpackie	9	0
2020-04-25	PK	18	podkarpackie	23	0
2020-04-26	PK	18	podkarpackie	2	0
2020-04-27	PK	18	podkarpackie	3	2
2020-04-28	PK	18	podkarpackie	9	1
2020-04-29	PK	18	podkarpackie	3	4
2020-04-30	PK	18	podkarpackie	1	0
2020-05-01	PK	18	podkarpackie	8	0
2020-05-02	PK	18	podkarpackie	4	0
2020-05-03	PK	18	podkarpackie	9	1
2020-05-04	PK	18	podkarpackie	13	0
2020-05-05	PK	18	podkarpackie	3	0
2020-05-06	PK	18	podkarpackie	0	1
2020-05-07	PK	18	podkarpackie	2	2
2020-05-08	PK	18	podkarpackie	2	0
2020-05-09	PK	18	podkarpackie	0	0
2020-05-10	PK	18	podkarpackie	1	1
2020-05-11	PK	18	podkarpackie	0	1
2020-05-12	PK	18	podkarpackie	0	0
2020-05-13	PK	18	podkarpackie	0	0
2020-05-14	PK	18	podkarpackie	2	1
2020-05-15	PK	18	podkarpackie	0	1
2020-05-16	PK	18	podkarpackie	1	0
2020-05-17	PK	18	podkarpackie	0	0
2020-05-18	PK	18	podkarpackie	0	3
2020-05-19	PK	18	podkarpackie	0	0
2020-05-20	PK	18	podkarpackie	0	0
2020-05-21	PK	18	podkarpackie	1	0
2020-05-22	PK	18	podkarpackie	1	0
2020-05-23	PK	18	podkarpackie	1	1
2020-05-24	PK	18	podkarpackie	1	0
2020-05-25	PK	18	podkarpackie	0	0
2020-05-26	PK	18	podkarpackie	0	0
2020-05-27	PK	18	podkarpackie	0	0
2020-05-28	PK	18	podkarpackie	2	0
2020-05-29	PK	18	podkarpackie	2	0
2020-05-30	PK	18	podkarpackie	0	0
2020-05-31	PK	18	podkarpackie	5	0
2020-06-01	PK	18	podkarpackie	0	0
2020-06-02	PK	18	podkarpackie	0	0
2020-06-03	PK	18	podkarpackie	1	1
2020-06-04	PK	18	podkarpackie	0	0
2020-06-05	PK	18	podkarpackie	0	0
2020-06-06	PK	18	podkarpackie	1	1
2020-03-04	PM	22	pomorskie	0	0
2020-03-05	PM	22	pomorskie	0	0
2020-03-06	PM	22	pomorskie	0	0
2020-03-07	PM	22	pomorskie	0	0
2020-03-08	PM	22	pomorskie	0	0
2020-03-09	PM	22	pomorskie	0	0
2020-03-10	PM	22	pomorskie	0	0
2020-03-11	PM	22	pomorskie	0	0
2020-03-12	PM	22	pomorskie	0	0
2020-03-13	PM	22	pomorskie	0	0
2020-03-14	PM	22	pomorskie	2	0
2020-03-15	PM	22	pomorskie	0	0
2020-03-16	PM	22	pomorskie	0	0
2020-03-17	PM	22	pomorskie	6	0
2020-03-18	PM	22	pomorskie	1	0
2020-03-19	PM	22	pomorskie	0	0
2020-03-20	PM	22	pomorskie	1	0
2020-03-21	PM	22	pomorskie	4	0
2020-03-22	PM	22	pomorskie	3	0
2020-03-23	PM	22	pomorskie	4	0
2020-03-24	PM	22	pomorskie	1	0
2020-03-25	PM	22	pomorskie	0	0
2020-03-26	PM	22	pomorskie	6	0
2020-03-27	PM	22	pomorskie	4	0
2020-03-28	PM	22	pomorskie	4	0
2020-03-29	PM	22	pomorskie	9	0
2020-03-30	PM	22	pomorskie	3	0
2020-03-31	PM	22	pomorskie	6	0
2020-04-01	PM	22	pomorskie	6	0
2020-04-02	PM	22	pomorskie	10	0
2020-04-03	PM	22	pomorskie	12	0
2020-04-04	PM	22	pomorskie	22	0
2020-04-05	PM	22	pomorskie	13	0
2020-04-06	PM	22	pomorskie	8	0
2020-04-07	PM	22	pomorskie	10	0
2020-04-08	PM	22	pomorskie	8	1
2020-04-09	PM	22	pomorskie	10	0
2020-04-10	PM	22	pomorskie	4	0
2020-04-11	PM	22	pomorskie	6	0
2020-04-12	PM	22	pomorskie	8	0
2020-04-13	PM	22	pomorskie	4	0
2020-04-14	PM	22	pomorskie	0	0
2020-04-15	PM	22	pomorskie	4	0
2020-04-16	PM	22	pomorskie	2	1
2020-04-17	PM	22	pomorskie	4	0
2020-04-18	PM	22	pomorskie	22	0
2020-04-19	PM	22	pomorskie	2	0
2020-04-20	PM	22	pomorskie	6	0
2020-04-21	PM	22	pomorskie	4	0
2020-04-22	PM	22	pomorskie	12	1
2020-04-23	PM	22	pomorskie	12	0
2020-04-24	PM	22	pomorskie	14	0
2020-04-25	PM	22	pomorskie	39	0
2020-04-26	PM	22	pomorskie	50	0
2020-04-27	PM	22	pomorskie	11	2
2020-04-28	PM	22	pomorskie	37	3
2020-04-29	PM	22	pomorskie	30	2
2020-04-30	PM	22	pomorskie	4	1
2020-05-01	PM	22	pomorskie	6	1
2020-05-02	PM	22	pomorskie	6	2
2020-05-03	PM	22	pomorskie	4	1
2020-05-04	PM	22	pomorskie	0	3
2020-05-05	PM	22	pomorskie	7	1
2020-05-06	PM	22	pomorskie	9	2
2020-05-07	PM	22	pomorskie	8	1
2020-05-08	PM	22	pomorskie	9	1
2020-05-09	PM	22	pomorskie	1	1
2020-05-10	PM	22	pomorskie	3	2
2020-05-11	PM	22	pomorskie	4	1
2020-05-12	PM	22	pomorskie	4	1
2020-05-13	PM	22	pomorskie	2	0
2020-05-14	PM	22	pomorskie	1	0
2020-05-15	PM	22	pomorskie	1	0
2020-05-16	PM	22	pomorskie	7	0
2020-05-17	PM	22	pomorskie	2	0
2020-05-18	PM	22	pomorskie	0	0
2020-05-19	PM	22	pomorskie	1	1
2020-05-20	PM	22	pomorskie	5	0
2020-05-21	PM	22	pomorskie	5	0
2020-05-22	PM	22	pomorskie	4	0
2020-05-23	PM	22	pomorskie	10	1
2020-05-24	PM	22	pomorskie	6	0
2020-05-25	PM	22	pomorskie	7	0
2020-05-26	PM	22	pomorskie	2	2
2020-05-27	PM	22	pomorskie	4	1
2020-05-28	PM	22	pomorskie	2	0
2020-05-29	PM	22	pomorskie	4	1
2020-05-30	PM	22	pomorskie	0	1
2020-05-31	PM	22	pomorskie	1	0
2020-06-01	PM	22	pomorskie	5	0
2020-06-02	PM	22	pomorskie	1	0
2020-06-03	PM	22	pomorskie	0	0
2020-06-04	PM	22	pomorskie	1	0
2020-06-05	PM	22	pomorskie	4	1
2020-06-06	PM	22	pomorskie	4	0
2020-03-04	SK	26	świętokrzyskie	0	0
2020-03-05	SK	26	świętokrzyskie	0	0
2020-03-06	SK	26	świętokrzyskie	0	0
2020-03-07	SK	26	świętokrzyskie	0	0
2020-03-08	SK	26	świętokrzyskie	0	0
2020-03-09	SK	26	świętokrzyskie	0	0
2020-03-10	SK	26	świętokrzyskie	0	0
2020-03-11	SK	26	świętokrzyskie	0	0
2020-03-12	SK	26	świętokrzyskie	0	0
2020-03-13	SK	26	świętokrzyskie	0	0
2020-03-14	SK	26	świętokrzyskie	2	0
2020-03-15	SK	26	świętokrzyskie	1	0
2020-03-16	SK	26	świętokrzyskie	0	0
2020-03-17	SK	26	świętokrzyskie	0	0
2020-03-18	SK	26	świętokrzyskie	1	0
2020-03-19	SK	26	świętokrzyskie	1	0
2020-03-20	SK	26	świętokrzyskie	1	0
2020-03-21	SK	26	świętokrzyskie	1	0
2020-03-22	SK	26	świętokrzyskie	0	0
2020-03-23	SK	26	świętokrzyskie	1	0
2020-03-24	SK	26	świętokrzyskie	0	0
2020-03-25	SK	26	świętokrzyskie	6	1
2020-03-26	SK	26	świętokrzyskie	1	0
2020-03-27	SK	26	świętokrzyskie	7	0
2020-03-28	SK	26	świętokrzyskie	5	0
2020-03-29	SK	26	świętokrzyskie	7	0
2020-03-30	SK	26	świętokrzyskie	3	0
2020-03-31	SK	26	świętokrzyskie	12	0
2020-04-01	SK	26	świętokrzyskie	6	0
2020-04-02	SK	26	świętokrzyskie	7	0
2020-04-03	SK	26	świętokrzyskie	17	0
2020-04-04	SK	26	świętokrzyskie	2	0
2020-04-05	SK	26	świętokrzyskie	12	0
2020-04-06	SK	26	świętokrzyskie	10	0
2020-04-07	SK	26	świętokrzyskie	17	0
2020-04-08	SK	26	świętokrzyskie	7	1
2020-04-09	SK	26	świętokrzyskie	2	0
2020-04-10	SK	26	świętokrzyskie	1	0
2020-04-11	SK	26	świętokrzyskie	6	0
2020-04-12	SK	26	świętokrzyskie	5	0
2020-04-13	SK	26	świętokrzyskie	0	0
2020-04-14	SK	26	świętokrzyskie	13	0
2020-04-15	SK	26	świętokrzyskie	16	0
2020-04-16	SK	26	świętokrzyskie	5	1
2020-04-17	SK	26	świętokrzyskie	18	1
2020-04-18	SK	26	świętokrzyskie	10	0
2020-04-19	SK	26	świętokrzyskie	7	0
2020-04-20	SK	26	świętokrzyskie	17	0
2020-04-21	SK	26	świętokrzyskie	11	0
2020-04-22	SK	26	świętokrzyskie	9	0
2020-04-23	SK	26	świętokrzyskie	1	2
2020-04-24	SK	26	świętokrzyskie	6	0
2020-04-25	SK	26	świętokrzyskie	1	1
2020-04-26	SK	26	świętokrzyskie	3	0
2020-04-27	SK	26	świętokrzyskie	3	0
2020-04-28	SK	26	świętokrzyskie	3	1
2020-04-29	SK	26	świętokrzyskie	2	0
2020-04-30	SK	26	świętokrzyskie	4	0
2020-05-01	SK	26	świętokrzyskie	0	0
2020-05-02	SK	26	świętokrzyskie	1	0
2020-05-03	SK	26	świętokrzyskie	7	0
2020-05-04	SK	26	świętokrzyskie	4	0
2020-05-05	SK	26	świętokrzyskie	18	1
2020-05-06	SK	26	świętokrzyskie	0	1
2020-05-07	SK	26	świętokrzyskie	3	0
2020-05-08	SK	26	świętokrzyskie	9	1
2020-05-09	SK	26	świętokrzyskie	9	0
2020-05-10	SK	26	świętokrzyskie	4	1
2020-05-11	SK	26	świętokrzyskie	0	0
2020-05-12	SK	26	świętokrzyskie	3	1
2020-05-13	SK	26	świętokrzyskie	9	0
2020-05-14	SK	26	świętokrzyskie	0	1
2020-05-15	SK	26	świętokrzyskie	3	3
2020-05-16	SK	26	świętokrzyskie	1	0
2020-05-17	SK	26	świętokrzyskie	0	0
2020-05-18	SK	26	świętokrzyskie	11	1
2020-05-19	SK	26	świętokrzyskie	1	1
2020-05-20	SK	26	świętokrzyskie	4	1
2020-05-21	SK	26	świętokrzyskie	4	0
2020-05-22	SK	26	świętokrzyskie	5	0
2020-05-23	SK	26	świętokrzyskie	8	0
2020-05-24	SK	26	świętokrzyskie	8	0
2020-05-25	SK	26	świętokrzyskie	10	0
2020-05-26	SK	26	świętokrzyskie	7	1
2020-05-27	SK	26	świętokrzyskie	9	0
2020-05-28	SK	26	świętokrzyskie	24	0
2020-05-29	SK	26	świętokrzyskie	7	1
2020-05-30	SK	26	świętokrzyskie	34	0
2020-05-31	SK	26	świętokrzyskie	7	0
2020-06-01	SK	26	świętokrzyskie	6	0
2020-06-02	SK	26	świętokrzyskie	7	0
2020-06-03	SK	26	świętokrzyskie	9	0
2020-06-04	SK	26	świętokrzyskie	9	0
2020-06-05	SK	26	świętokrzyskie	1	0
2020-06-06	SK	26	świętokrzyskie	3	1
2020-03-04	SL	24	śląskie	0	0
2020-03-05	SL	24	śląskie	0	0
2020-03-06	SL	24	śląskie	0	0
2020-03-07	SL	24	śląskie	0	0
2020-03-08	SL	24	śląskie	2	0
2020-03-09	SL	24	śląskie	3	0
2020-03-10	SL	24	śląskie	2	0
2020-03-11	SL	24	śląskie	1	0
2020-03-12	SL	24	śląskie	3	0
2020-03-13	SL	24	śląskie	1	0
2020-03-14	SL	24	śląskie	0	0
2020-03-15	SL	24	śląskie	2	0
2020-03-16	SL	24	śląskie	4	0
2020-03-17	SL	24	śląskie	6	0
2020-03-18	SL	24	śląskie	6	0
2020-03-19	SL	24	śląskie	12	0
2020-03-20	SL	24	śląskie	4	0
2020-03-21	SL	24	śląskie	10	0
2020-03-22	SL	24	śląskie	10	0
2020-03-23	SL	24	śląskie	11	1
2020-03-24	SL	24	śląskie	10	1
2020-03-25	SL	24	śląskie	20	0
2020-03-26	SL	24	śląskie	20	0
2020-03-27	SL	24	śląskie	14	0
2020-03-28	SL	24	śląskie	24	0
2020-03-29	SL	24	śląskie	30	3
2020-03-30	SL	24	śląskie	14	2
2020-03-31	SL	24	śląskie	55	1
2020-04-01	SL	24	śląskie	8	2
2020-04-02	SL	24	śląskie	29	1
2020-04-03	SL	24	śląskie	130	5
2020-04-04	SL	24	śląskie	65	6
2020-04-05	SL	24	śląskie	41	0
2020-04-06	SL	24	śląskie	25	3
2020-04-07	SL	24	śląskie	39	7
2020-04-08	SL	24	śląskie	43	4
2020-04-09	SL	24	śląskie	51	2
2020-04-10	SL	24	śląskie	34	0
2020-04-11	SL	24	śląskie	52	5
2020-04-12	SL	24	śląskie	65	1
2020-04-13	SL	24	śląskie	33	3
2020-04-14	SL	24	śląskie	64	5
2020-04-15	SL	24	śląskie	45	6
2020-04-16	SL	24	śląskie	82	5
2020-04-17	SL	24	śląskie	145	4
2020-04-18	SL	24	śląskie	25	2
2020-04-19	SL	24	śląskie	140	5
2020-04-20	SL	24	śląskie	71	0
2020-04-21	SL	24	śląskie	54	5
2020-04-22	SL	24	śląskie	46	4
2020-04-23	SL	24	śląskie	35	3
2020-04-24	SL	24	śląskie	97	3
2020-04-25	SL	24	śląskie	67	4
2020-04-26	SL	24	śląskie	74	1
2020-04-27	SL	24	śląskie	42	5
2020-04-28	SL	24	śląskie	94	6
2020-04-29	SL	24	śląskie	159	8
2020-04-30	SL	24	śląskie	120	5
2020-05-01	SL	24	śląskie	141	2
2020-05-02	SL	24	śląskie	66	2
2020-05-03	SL	24	śląskie	130	4
2020-05-04	SL	24	śląskie	80	3
2020-05-05	SL	24	śląskie	134	4
2020-05-06	SL	24	śląskie	157	5
2020-05-07	SL	24	śląskie	116	4
2020-05-08	SL	24	śląskie	176	4
2020-05-09	SL	24	śląskie	156	0
2020-05-10	SL	24	śląskie	171	4
2020-05-11	SL	24	śląskie	213	1
2020-05-12	SL	24	śląskie	453	5
2020-05-13	SL	24	śląskie	167	2
2020-05-14	SL	24	śląskie	302	8
2020-05-15	SL	24	śląskie	293	7
2020-05-16	SL	24	śląskie	165	2
2020-05-17	SL	24	śląskie	180	3
2020-05-18	SL	24	śląskie	205	1
2020-05-19	SL	24	śląskie	263	2
2020-05-20	SL	24	śląskie	275	1
2020-05-21	SL	24	śląskie	251	4
2020-05-22	SL	24	śląskie	285	1
2020-05-23	SL	24	śląskie	179	2
2020-05-24	SL	24	śląskie	185	2
2020-05-25	SL	24	śląskie	158	1
2020-05-26	SL	24	śląskie	274	2
2020-05-27	SL	24	śląskie	176	1
2020-05-28	SL	24	śląskie	138	6
2020-05-29	SL	24	śląskie	191	3
2020-05-30	SL	24	śląskie	228	2
2020-05-31	SL	24	śląskie	105	2
2020-06-01	SL	24	śląskie	196	3
2020-06-02	SL	24	śląskie	109	6
2020-06-03	SL	24	śląskie	109	7
2020-06-04	SL	24	śląskie	120	1
2020-06-05	SL	24	śląskie	177	10
2020-06-06	SL	24	śląskie	351	3
2020-03-04	WN	28	warmińsko-mazurskie	0	0
2020-03-05	WN	28	warmińsko-mazurskie	0	0
2020-03-06	WN	28	warmińsko-mazurskie	1	0
2020-03-07	WN	28	warmińsko-mazurskie	1	0
2020-03-08	WN	28	warmińsko-mazurskie	0	0
2020-03-09	WN	28	warmińsko-mazurskie	0	0
2020-03-10	WN	28	warmińsko-mazurskie	0	0
2020-03-11	WN	28	warmińsko-mazurskie	2	0
2020-03-12	WN	28	warmińsko-mazurskie	0	0
2020-03-13	WN	28	warmińsko-mazurskie	0	0
2020-03-14	WN	28	warmińsko-mazurskie	0	0
2020-03-15	WN	28	warmińsko-mazurskie	1	0
2020-03-16	WN	28	warmińsko-mazurskie	0	0
2020-03-17	WN	28	warmińsko-mazurskie	2	0
2020-03-18	WN	28	warmińsko-mazurskie	4	0
2020-03-19	WN	28	warmińsko-mazurskie	1	0
2020-03-20	WN	28	warmińsko-mazurskie	5	0
2020-03-21	WN	28	warmińsko-mazurskie	3	0
2020-03-22	WN	28	warmińsko-mazurskie	2	0
2020-03-23	WN	28	warmińsko-mazurskie	3	0
2020-03-24	WN	28	warmińsko-mazurskie	4	0
2020-03-25	WN	28	warmińsko-mazurskie	4	0
2020-03-26	WN	28	warmińsko-mazurskie	6	0
2020-03-27	WN	28	warmińsko-mazurskie	5	0
2020-03-28	WN	28	warmińsko-mazurskie	2	0
2020-03-29	WN	28	warmińsko-mazurskie	10	0
2020-03-30	WN	28	warmińsko-mazurskie	1	0
2020-03-31	WN	28	warmińsko-mazurskie	1	0
2020-04-01	WN	28	warmińsko-mazurskie	3	0
2020-04-02	WN	28	warmińsko-mazurskie	6	0
2020-04-03	WN	28	warmińsko-mazurskie	8	0
2020-04-04	WN	28	warmińsko-mazurskie	3	1
2020-04-05	WN	28	warmińsko-mazurskie	2	0
2020-04-06	WN	28	warmińsko-mazurskie	3	0
2020-04-07	WN	28	warmińsko-mazurskie	4	0
2020-04-08	WN	28	warmińsko-mazurskie	5	0
2020-04-09	WN	28	warmińsko-mazurskie	3	0
2020-04-10	WN	28	warmińsko-mazurskie	15	0
2020-04-11	WN	28	warmińsko-mazurskie	1	0
2020-04-12	WN	28	warmińsko-mazurskie	11	0
2020-04-13	WN	28	warmińsko-mazurskie	0	0
2020-04-14	WN	28	warmińsko-mazurskie	0	0
2020-04-15	WN	28	warmińsko-mazurskie	3	0
2020-04-16	WN	28	warmińsko-mazurskie	4	0
2020-04-17	WN	28	warmińsko-mazurskie	10	0
2020-04-18	WN	28	warmińsko-mazurskie	0	0
2020-04-19	WN	28	warmińsko-mazurskie	3	0
2020-04-20	WN	28	warmińsko-mazurskie	1	0
2020-04-21	WN	28	warmińsko-mazurskie	2	0
2020-04-22	WN	28	warmińsko-mazurskie	0	0
2020-04-23	WN	28	warmińsko-mazurskie	0	0
2020-04-24	WN	28	warmińsko-mazurskie	1	0
2020-04-25	WN	28	warmińsko-mazurskie	0	0
2020-04-26	WN	28	warmińsko-mazurskie	0	0
2020-04-27	WN	28	warmińsko-mazurskie	0	0
2020-04-28	WN	28	warmińsko-mazurskie	0	0
2020-04-29	WN	28	warmińsko-mazurskie	0	0
2020-04-30	WN	28	warmińsko-mazurskie	2	0
2020-05-01	WN	28	warmińsko-mazurskie	0	0
2020-05-02	WN	28	warmińsko-mazurskie	0	0
2020-05-03	WN	28	warmińsko-mazurskie	0	0
2020-05-04	WN	28	warmińsko-mazurskie	2	0
2020-05-05	WN	28	warmińsko-mazurskie	2	0
2020-05-06	WN	28	warmińsko-mazurskie	0	0
2020-05-07	WN	28	warmińsko-mazurskie	4	0
2020-05-08	WN	28	warmińsko-mazurskie	1	0
2020-05-09	WN	28	warmińsko-mazurskie	3	0
2020-05-10	WN	28	warmińsko-mazurskie	2	0
2020-05-11	WN	28	warmińsko-mazurskie	0	0
2020-05-12	WN	28	warmińsko-mazurskie	2	0
2020-05-13	WN	28	warmińsko-mazurskie	4	0
2020-05-14	WN	28	warmińsko-mazurskie	1	0
2020-05-15	WN	28	warmińsko-mazurskie	1	0
2020-05-16	WN	28	warmińsko-mazurskie	0	0
2020-05-17	WN	28	warmińsko-mazurskie	0	0
2020-05-18	WN	28	warmińsko-mazurskie	0	0
2020-05-19	WN	28	warmińsko-mazurskie	4	0
2020-05-20	WN	28	warmińsko-mazurskie	0	0
2020-05-21	WN	28	warmińsko-mazurskie	0	0
2020-05-22	WN	28	warmińsko-mazurskie	0	0
2020-05-23	WN	28	warmińsko-mazurskie	1	0
2020-05-24	WN	28	warmińsko-mazurskie	0	0
2020-05-25	WN	28	warmińsko-mazurskie	0	0
2020-05-26	WN	28	warmińsko-mazurskie	4	0
2020-05-27	WN	28	warmińsko-mazurskie	0	0
2020-05-28	WN	28	warmińsko-mazurskie	0	0
2020-05-29	WN	28	warmińsko-mazurskie	0	0
2020-05-30	WN	28	warmińsko-mazurskie	0	0
2020-05-31	WN	28	warmińsko-mazurskie	0	0
2020-06-01	WN	28	warmińsko-mazurskie	0	0
2020-06-02	WN	28	warmińsko-mazurskie	0	0
2020-06-03	WN	28	warmińsko-mazurskie	0	0
2020-06-04	WN	28	warmińsko-mazurskie	0	0
2020-06-05	WN	28	warmińsko-mazurskie	1	0
2020-06-06	WN	28	warmińsko-mazurskie	0	0
2020-03-04	WP	30	wielkopolskie	0	0
2020-03-05	WP	30	wielkopolskie	0	0
2020-03-06	WP	30	wielkopolskie	0	0
2020-03-07	WP	30	wielkopolskie	0	0
2020-03-08	WP	30	wielkopolskie	0	0
2020-03-09	WP	30	wielkopolskie	1	0
2020-03-10	WP	30	wielkopolskie	0	0
2020-03-11	WP	30	wielkopolskie	1	0
2020-03-12	WP	30	wielkopolskie	3	1
2020-03-13	WP	30	wielkopolskie	1	0
2020-03-14	WP	30	wielkopolskie	1	0
2020-03-15	WP	30	wielkopolskie	0	0
2020-03-16	WP	30	wielkopolskie	4	0
2020-03-17	WP	30	wielkopolskie	2	0
2020-03-18	WP	30	wielkopolskie	0	0
2020-03-19	WP	30	wielkopolskie	2	0
2020-03-20	WP	30	wielkopolskie	3	0
2020-03-21	WP	30	wielkopolskie	13	0
2020-03-22	WP	30	wielkopolskie	6	1
2020-03-23	WP	30	wielkopolskie	4	0
2020-03-24	WP	30	wielkopolskie	1	0
2020-03-25	WP	30	wielkopolskie	15	0
2020-03-26	WP	30	wielkopolskie	12	0
2020-03-27	WP	30	wielkopolskie	21	0
2020-03-28	WP	30	wielkopolskie	9	0
2020-03-29	WP	30	wielkopolskie	9	0
2020-03-30	WP	30	wielkopolskie	24	1
2020-03-31	WP	30	wielkopolskie	16	0
2020-04-01	WP	30	wielkopolskie	21	3
2020-04-02	WP	30	wielkopolskie	26	2
2020-04-03	WP	30	wielkopolskie	18	4
2020-04-04	WP	30	wielkopolskie	20	1
2020-04-05	WP	30	wielkopolskie	40	1
2020-04-06	WP	30	wielkopolskie	54	1
2020-04-07	WP	30	wielkopolskie	22	7
2020-04-08	WP	30	wielkopolskie	45	1
2020-04-09	WP	30	wielkopolskie	37	1
2020-04-10	WP	30	wielkopolskie	46	2
2020-04-11	WP	30	wielkopolskie	58	5
2020-04-12	WP	30	wielkopolskie	29	4
2020-04-13	WP	30	wielkopolskie	85	5
2020-04-14	WP	30	wielkopolskie	34	3
2020-04-15	WP	30	wielkopolskie	102	0
2020-04-16	WP	30	wielkopolskie	44	2
2020-04-17	WP	30	wielkopolskie	51	3
2020-04-18	WP	30	wielkopolskie	18	1
2020-04-19	WP	30	wielkopolskie	122	2
2020-04-20	WP	30	wielkopolskie	30	6
2020-04-21	WP	30	wielkopolskie	31	4
2020-04-22	WP	30	wielkopolskie	18	5
2020-04-23	WP	30	wielkopolskie	67	2
2020-04-24	WP	30	wielkopolskie	70	4
2020-04-25	WP	30	wielkopolskie	30	3
2020-04-26	WP	30	wielkopolskie	41	2
2020-04-27	WP	30	wielkopolskie	36	5
2020-04-28	WP	30	wielkopolskie	33	2
2020-04-29	WP	30	wielkopolskie	39	0
2020-04-30	WP	30	wielkopolskie	26	2
2020-05-01	WP	30	wielkopolskie	2	0
2020-05-02	WP	30	wielkopolskie	51	4
2020-05-03	WP	30	wielkopolskie	24	3
2020-05-04	WP	30	wielkopolskie	11	2
2020-05-05	WP	30	wielkopolskie	69	2
2020-05-06	WP	30	wielkopolskie	18	4
2020-05-07	WP	30	wielkopolskie	24	3
2020-05-08	WP	30	wielkopolskie	15	3
2020-05-09	WP	30	wielkopolskie	15	3
2020-05-10	WP	30	wielkopolskie	2	5
2020-05-11	WP	30	wielkopolskie	27	2
2020-05-12	WP	30	wielkopolskie	11	5
2020-05-13	WP	30	wielkopolskie	12	10
2020-05-14	WP	30	wielkopolskie	13	2
2020-05-15	WP	30	wielkopolskie	17	1
2020-05-16	WP	30	wielkopolskie	5	2
2020-05-17	WP	30	wielkopolskie	40	1
2020-05-18	WP	30	wielkopolskie	13	1
2020-05-19	WP	30	wielkopolskie	5	0
2020-05-20	WP	30	wielkopolskie	84	1
2020-05-21	WP	30	wielkopolskie	26	2
2020-05-22	WP	30	wielkopolskie	16	2
2020-05-23	WP	30	wielkopolskie	12	0
2020-05-24	WP	30	wielkopolskie	68	0
2020-05-25	WP	30	wielkopolskie	19	1
2020-05-26	WP	30	wielkopolskie	19	1
2020-05-27	WP	30	wielkopolskie	59	0
2020-05-28	WP	30	wielkopolskie	15	2
2020-05-29	WP	30	wielkopolskie	13	2
2020-05-30	WP	30	wielkopolskie	1	1
2020-05-31	WP	30	wielkopolskie	3	1
2020-06-01	WP	30	wielkopolskie	5	0
2020-06-02	WP	30	wielkopolskie	33	0
2020-06-03	WP	30	wielkopolskie	18	1
2020-06-04	WP	30	wielkopolskie	10	0
2020-06-05	WP	30	wielkopolskie	3	0
2020-06-06	WP	30	wielkopolskie	40	3
2020-03-04	ZP	32	zachodniopomorskie	0	0
2020-03-05	ZP	32	zachodniopomorskie	0	0
2020-03-06	ZP	32	zachodniopomorskie	2	0
2020-03-07	ZP	32	zachodniopomorskie	0	0
2020-03-08	ZP	32	zachodniopomorskie	0	0
2020-03-09	ZP	32	zachodniopomorskie	0	0
2020-03-10	ZP	32	zachodniopomorskie	0	0
2020-03-11	ZP	32	zachodniopomorskie	0	0
2020-03-12	ZP	32	zachodniopomorskie	1	0
2020-03-13	ZP	32	zachodniopomorskie	2	0
2020-03-14	ZP	32	zachodniopomorskie	0	0
2020-03-15	ZP	32	zachodniopomorskie	1	0
2020-03-16	ZP	32	zachodniopomorskie	0	0
2020-03-17	ZP	32	zachodniopomorskie	2	0
2020-03-18	ZP	32	zachodniopomorskie	0	0
2020-03-19	ZP	32	zachodniopomorskie	1	0
2020-03-20	ZP	32	zachodniopomorskie	0	0
2020-03-21	ZP	32	zachodniopomorskie	1	0
2020-03-22	ZP	32	zachodniopomorskie	2	0
2020-03-23	ZP	32	zachodniopomorskie	4	0
2020-03-24	ZP	32	zachodniopomorskie	11	0
2020-03-25	ZP	32	zachodniopomorskie	4	0
2020-03-26	ZP	32	zachodniopomorskie	2	1
2020-03-27	ZP	32	zachodniopomorskie	7	0
2020-03-28	ZP	32	zachodniopomorskie	11	0
2020-03-29	ZP	32	zachodniopomorskie	6	0
2020-03-30	ZP	32	zachodniopomorskie	2	0
2020-03-31	ZP	32	zachodniopomorskie	10	0
2020-04-01	ZP	32	zachodniopomorskie	10	0
2020-04-02	ZP	32	zachodniopomorskie	10	1
2020-04-03	ZP	32	zachodniopomorskie	0	0
2020-04-04	ZP	32	zachodniopomorskie	11	0
2020-04-05	ZP	32	zachodniopomorskie	6	0
2020-04-06	ZP	32	zachodniopomorskie	11	0
2020-04-07	ZP	32	zachodniopomorskie	16	0
2020-04-08	ZP	32	zachodniopomorskie	32	0
2020-04-09	ZP	32	zachodniopomorskie	9	0
2020-04-10	ZP	32	zachodniopomorskie	10	0
2020-04-11	ZP	32	zachodniopomorskie	7	0
2020-04-12	ZP	32	zachodniopomorskie	2	0
2020-04-13	ZP	32	zachodniopomorskie	10	0
2020-04-14	ZP	32	zachodniopomorskie	8	0
2020-04-15	ZP	32	zachodniopomorskie	6	0
2020-04-16	ZP	32	zachodniopomorskie	6	0
2020-04-17	ZP	32	zachodniopomorskie	7	0
2020-04-18	ZP	32	zachodniopomorskie	19	0
2020-04-19	ZP	32	zachodniopomorskie	17	2
2020-04-20	ZP	32	zachodniopomorskie	11	0
2020-04-21	ZP	32	zachodniopomorskie	2	0
2020-04-22	ZP	32	zachodniopomorskie	9	0
2020-04-23	ZP	32	zachodniopomorskie	16	0
2020-04-24	ZP	32	zachodniopomorskie	32	2
2020-04-25	ZP	32	zachodniopomorskie	7	1
2020-04-26	ZP	32	zachodniopomorskie	12	2
2020-04-27	ZP	32	zachodniopomorskie	15	0
2020-04-28	ZP	32	zachodniopomorskie	6	0
2020-04-29	ZP	32	zachodniopomorskie	4	1
2020-04-30	ZP	32	zachodniopomorskie	16	0
2020-05-01	ZP	32	zachodniopomorskie	5	0
2020-05-02	ZP	32	zachodniopomorskie	5	0
2020-05-03	ZP	32	zachodniopomorskie	8	0
2020-05-04	ZP	32	zachodniopomorskie	14	4
2020-05-05	ZP	32	zachodniopomorskie	13	0
2020-05-06	ZP	32	zachodniopomorskie	11	1
2020-05-07	ZP	32	zachodniopomorskie	8	1
2020-05-08	ZP	32	zachodniopomorskie	4	0
2020-05-09	ZP	32	zachodniopomorskie	5	0
2020-05-10	ZP	32	zachodniopomorskie	4	0
2020-05-11	ZP	32	zachodniopomorskie	1	0
2020-05-12	ZP	32	zachodniopomorskie	6	0
2020-05-13	ZP	32	zachodniopomorskie	6	0
2020-05-14	ZP	32	zachodniopomorskie	2	1
2020-05-15	ZP	32	zachodniopomorskie	3	1
2020-05-16	ZP	32	zachodniopomorskie	1	0
2020-05-17	ZP	32	zachodniopomorskie	2	0
2020-05-18	ZP	32	zachodniopomorskie	3	0
2020-05-19	ZP	32	zachodniopomorskie	5	0
2020-05-20	ZP	32	zachodniopomorskie	1	0
2020-05-21	ZP	32	zachodniopomorskie	10	0
2020-05-22	ZP	32	zachodniopomorskie	2	1
2020-05-23	ZP	32	zachodniopomorskie	4	0
2020-05-24	ZP	32	zachodniopomorskie	1	0
2020-05-25	ZP	32	zachodniopomorskie	1	0
2020-05-26	ZP	32	zachodniopomorskie	4	0
2020-05-27	ZP	32	zachodniopomorskie	2	0
2020-05-28	ZP	32	zachodniopomorskie	0	0
2020-05-29	ZP	32	zachodniopomorskie	4	0
2020-05-30	ZP	32	zachodniopomorskie	4	0
2020-05-31	ZP	32	zachodniopomorskie	1	0
2020-06-01	ZP	32	zachodniopomorskie	0	0
2020-06-02	ZP	32	zachodniopomorskie	5	0
2020-06-03	ZP	32	zachodniopomorskie	7	0
2020-06-04	ZP	32	zachodniopomorskie	2	0
2020-06-05	ZP	32	zachodniopomorskie	3	0
2020-06-06	ZP	32	zachodniopomorskie	0	0
2020-03-04	daily			1	0
2020-03-05	daily			0	0
2020-03-06	daily			4	0
2020-03-07	daily			1	0
2020-03-08	daily			5	0
2020-03-09	daily			6	0
2020-03-10	daily			5	0
2020-03-11	daily			9	0
2020-03-12	daily			20	1
2020-03-13	daily			17	1
2020-03-14	daily			36	1
2020-03-15	daily			21	0
2020-03-16	daily			52	1
2020-03-17	daily			61	1
2020-03-18	daily			49	0
2020-03-19	daily			68	0
2020-03-20	daily			70	0
2020-03-21	daily			111	0
2020-03-22	daily			98	2
2020-03-23	daily			115	1
2020-03-24	daily			152	2
2020-03-25	daily			150	3
2020-03-26	daily			170	3
2020-03-27	daily			168	0
2020-03-28	daily			249	2
2020-03-29	daily			224	4
2020-03-30	daily			193	9
2020-03-31	daily			256	2
2020-04-01	daily			243	10
2020-04-02	daily			392	14
2020-04-03	daily			437	14
2020-04-04	daily			244	8
2020-04-05	daily			475	15
2020-04-06	daily			311	13
2020-04-07	daily			435	22
2020-04-08	daily			357	29
2020-04-09	daily			370	16
2020-04-10	daily			380	7
2020-04-11	daily			401	27
2020-04-12	daily			318	24
2020-04-13	daily			258	13
2020-04-14	daily			270	18
2020-04-15	daily			380	23
2020-04-16	daily			336	28
2020-04-17	daily			457	18
2020-04-18	daily			334	15
2020-04-19	daily			515	13
2020-04-20	daily			306	20
2020-04-21	daily			263	20
2020-04-22	daily			313	25
2020-04-23	daily			342	28
2020-04-24	daily			381	40
2020-04-25	daily			381	30
2020-04-26	daily			344	12
2020-04-27	daily			285	27
2020-04-28	daily			316	34
2020-04-29	daily			422	28
2020-04-30	daily			300	20
2020-05-01	daily			228	7
2020-05-02	daily			270	12
2020-05-03	daily			318	15
2020-05-04	daily			313	19
2020-05-05	daily			406	18
2020-05-06	daily			311	18
2020-05-07	daily			303	22
2020-05-08	daily			337	21
2020-05-09	daily			288	9
2020-05-10	daily			345	15
2020-05-11	daily			330	11
2020-05-12	daily			556	27
2020-05-13	daily			322	23
2020-05-14	daily			411	22
2020-05-15	daily			401	24
2020-05-16	daily			241	8
2020-05-17	daily			272	10
2020-05-18	daily			356	11
2020-05-19	daily			382	12
2020-05-20	daily			471	14
2020-05-21	daily			403	10
2020-05-22	daily			472	10
2020-05-23	daily			316	11
2020-05-24	daily			361	3
2020-05-25	daily			341	11
2020-05-26	daily			443	17
2020-05-27	daily			396	4
2020-05-28	daily			352	10
2020-05-29	daily			333	13
2020-05-30	daily			412	10
2020-05-31	daily			219	3
2020-06-01	daily			374	10
2020-06-02	daily			236	18
2020-06-03	daily			292	23
2020-06-04	daily			361	2
2020-06-05	daily			362	20
2020-06-06	daily			576	16
2020-03-04	total			1	0
2020-03-05	total			1	0
2020-03-06	total			5	0
2020-03-07	total			6	0
2020-03-08	total			11	0
2020-03-09	total			17	0
2020-03-10	total			22	0
2020-03-11	total			31	0
2020-03-12	total			51	1
2020-03-13	total			68	2
2020-03-14	total			104	3
2020-03-15	total			125	3
2020-03-16	total			177	4
2020-03-17	total			238	5
2020-03-18	total			287	5
2020-03-19	total			355	5
2020-03-20	total			425	5
2020-03-21	total			536	5
2020-03-22	total			634	7
2020-03-23	total			749	8
2020-03-24	total			900	10
2020-03-25	total			1051	13
2020-03-26	total			1221	16
2020-03-27	total			1389	16
2020-03-28	total			1638	18
2020-03-29	total			1862	22
2020-03-30	total			2055	31
2020-03-31	total			2311	33
2020-04-01	total			2554	43
2020-04-02	total			2946	57
2020-04-03	total			3383	71
2020-04-04	total			3627	79
2020-04-05	total			4102	94
2020-04-06	total			4413	107
2020-04-07	total			4848	129
2020-04-08	total			5205	158
2020-04-09	total			5575	174
2020-04-10	total			5955	181
2020-04-11	total			6356	208
2020-04-12	total			6674	232
2020-04-13	total			6932	245
2020-04-14	total			7202	263
2020-04-15	total			7582	286
2020-04-16	total			7918	314
2020-04-17	total			8379	332
2020-04-18	total			8742	347
2020-04-19	total			9224	360
2020-04-20	total			9530	380
2020-04-21	total			9793	401
2020-04-22	total			10106	426
2020-04-23	total			10448	454
2020-04-24	total			10829	494
2020-04-25	total			11210	523
2020-04-26	total			11554	535
2020-04-27	total			11839	562
2020-04-28	total			12155	596
2020-04-29	total			12577	624
2020-04-30	total			12877	644
2020-05-01	total			13105	651
2020-05-02	total			13375	663
2020-05-03	total			13693	678
2020-05-04	total			14006	697
2020-05-05	total			14412	715
2020-05-06	total			14723	733
2020-05-07	total			15026	755
2020-05-08	total			15363	776
2020-05-09	total			15651	785
2020-05-10	total			15996	800
2020-05-11	total			16326	811
2020-05-12	total			16882	838
2020-05-13	total			17204	861
2020-05-14	total			17615	883
2020-05-15	total			18016	907
2020-05-16	total			18257	915
2020-05-17	total			18529	925
2020-05-18	total			18885	936
2020-05-19	total			19267	948
2020-05-20	total			19738	962
2020-05-21	total			20141	972
2020-05-22	total			20613	982
2020-05-23	total			20929	993
2020-05-24	total			21290	996
2020-05-25	total			21631	1007
2020-05-26	total			22074	1024
2020-05-27	total			22470	1028
2020-05-28	total			22822	1038
2020-05-29	total			23155	1051
2020-05-30	total			23567	1061
2020-05-31	total			23786	1064
2020-06-01	total			24159	1074
2020-06-02	total			24395	1092
2020-06-03	total			24687	1115
2020-06-04	total			25048	1117
2020-06-05	total			25410	1137
2020-06-06	total			25986	1153
